order_id,customer_id,city,category,product_name,price,quantity,total_amount,order_date
1,72,Chennai,Electronics,Laptop,36548,2,73096,8/17/2023
2,16,Mumbai,Electronics,Laptop,77897,4,311588,2/2/2023
3,288,Pune,Fashion,Shoes,66737,5,333685,1/28/2023
4,143,Mumbai,Beauty,Shampoo,29393,4,117572,8/26/2024
5,111,Delhi,Fashion,Jacket,45097,3,135291,6/9/2023
6,177,Hyderabad,Electronics,Laptop,50297,1,50297,1/3/2024
7,194,Mumbai,Home,Mixer,60717,5,303585,5/8/2023
8,36,Mumbai,Beauty,Face Wash,47900,5,239500,7/16/2023
9,195,Delhi,Fashion,Jeans,10958,2,21916,4/14/2023
10,108,Chennai,Sports,Tennis Racket,21819,3,65457,12/30/2023
11,84,Bangalore,Home,Mixer,22931,5,114655,9/8/2023
12,167,Mumbai,Sports,Tennis Racket,73500,2,147000,12/2/2024
13,34,Pune,Fashion,Shirt,41847,4,167388,10/2/2023
14,235,Pune,Beauty,Face Wash,28369,4,113476,2/10/2024
15,135,Chennai,Home,Sofa,32825,5,164125,7/5/2024
16,113,Pune,Beauty,Shampoo,76984,4,307936,1/6/2024
17,79,Chennai,Beauty,Shampoo,12415,1,12415,4/23/2023
18,196,Hyderabad,Fashion,Jacket,78672,1,78672,1/30/2024
19,59,Chennai,Sports,Tennis Racket,73012,1,73012,11/27/2024
20,223,Pune,Beauty,Face Wash,45087,1,45087,10/28/2023
21,260,Mumbai,Sports,Football,35022,5,175110,7/2/2023
22,277,Hyderabad,Home,Sofa,20532,3,61596,6/15/2023
23,186,Delhi,Electronics,Headphones,64542,1,64542,4/25/2023
24,44,Chennai,Fashion,Shirt,32071,5,160355,3/22/2023
25,244,Hyderabad,Sports,Football,70322,2,140644,5/12/2023
26,109,Hyderabad,Fashion,Jeans,69663,5,348315,3/9/2024
27,265,Bangalore,Fashion,Jeans,52796,3,158388,3/24/2024
28,11,Hyderabad,Electronics,Mobile,29951,1,29951,12/13/2023
29,37,Chennai,Beauty,Lipstick,77628,2,155256,1/8/2023
30,37,Hyderabad,Electronics,Mobile,9334,1,9334,12/5/2023
31,68,Chennai,Fashion,Jeans,64124,2,128248,7/6/2024
32,98,Mumbai,Beauty,Shampoo,32350,4,129400,2/21/2024
33,240,Chennai,Electronics,Tablet,46938,4,187752,2/25/2024
34,56,Pune,Electronics,Laptop,8444,4,33776,12/14/2023
35,217,Pune,Fashion,Shoes,70792,4,283168,5/24/2023
36,282,Mumbai,Home,Table,33242,1,33242,3/29/2024
37,209,Bangalore,Electronics,Laptop,12724,2,25448,6/20/2023
38,195,Mumbai,Sports,Cricket Bat,53065,1,53065,6/18/2023
39,285,Chennai,Sports,Tennis Racket,60138,3,180414,3/9/2024
40,30,Hyderabad,Sports,Cricket Bat,25390,3,76170,8/11/2023
41,300,Bangalore,Beauty,Perfume,41604,1,41604,2/21/2023
42,96,Mumbai,Beauty,Lipstick,7955,5,39775,3/24/2023
43,292,Pune,Beauty,Perfume,31328,4,125312,5/3/2023
44,299,Hyderabad,Beauty,Perfume,11245,4,44980,11/4/2024
45,161,Pune,Beauty,Face Wash,34679,2,69358,11/16/2024
46,162,Mumbai,Home,Table,17654,3,52962,4/13/2024
47,276,Pune,Electronics,Tablet,74292,1,74292,3/17/2023
48,126,Delhi,Beauty,Face Wash,17861,3,53583,3/12/2023
49,155,Hyderabad,Home,Sofa,57933,5,289665,12/21/2024
50,54,Pune,Beauty,Perfume,73192,3,219576,11/10/2024
51,140,Delhi,Home,Mixer,14529,5,72645,6/9/2023
52,136,Hyderabad,Beauty,Lipstick,45442,2,90884,12/4/2024
53,217,Delhi,Sports,Tennis Racket,7158,1,7158,10/11/2024
54,135,Pune,Electronics,Laptop,44219,2,88438,10/14/2024
55,39,Chennai,Sports,Gym Gloves,74019,1,74019,4/25/2023
56,76,Bangalore,Fashion,Shirt,48893,5,244465,7/19/2024
57,184,Pune,Fashion,Shirt,40904,3,122712,2/10/2023
58,80,Pune,Fashion,Shirt,46857,5,234285,2/21/2024
59,171,Bangalore,Fashion,Shoes,54540,1,54540,7/3/2023
60,20,Bangalore,Fashion,Jeans,21366,1,21366,1/27/2024
61,117,Pune,Fashion,Shoes,60832,3,182496,11/9/2023
62,36,Delhi,Electronics,Mobile,52727,3,158181,10/13/2023
63,60,Delhi,Home,Table,70782,3,212346,1/29/2023
64,223,Delhi,Fashion,Jeans,5514,1,5514,9/2/2024
65,198,Hyderabad,Home,Table,79957,5,399785,4/29/2023
66,267,Hyderabad,Fashion,Jeans,6317,4,25268,1/2/2023
67,170,Hyderabad,Fashion,Jeans,57031,1,57031,11/11/2024
68,210,Delhi,Home,Mixer,39863,5,199315,11/13/2023
69,216,Chennai,Sports,Tennis Racket,73167,2,146334,7/16/2023
70,281,Mumbai,Sports,Cricket Bat,75093,3,225279,2/20/2024
71,165,Bangalore,Home,Chair,28049,4,112196,8/16/2024
72,87,Chennai,Sports,Gym Gloves,28510,5,142550,4/29/2024
73,48,Pune,Electronics,Headphones,68061,5,340305,12/10/2023
74,24,Pune,Home,Sofa,26600,2,53200,1/26/2023
75,295,Pune,Sports,Football,60192,4,240768,10/6/2024
76,3,Mumbai,Sports,Gym Gloves,52883,2,105766,6/1/2023
77,26,Hyderabad,Sports,Cricket Bat,23553,5,117765,4/20/2024
78,272,Hyderabad,Fashion,Shirt,60329,2,120658,4/20/2024
79,219,Hyderabad,Beauty,Face Wash,58508,5,292540,5/31/2024
80,127,Chennai,Sports,Cricket Bat,62716,4,250864,9/23/2023
81,40,Chennai,Home,Table,31858,3,95574,3/26/2024
82,277,Mumbai,Home,Sofa,36114,3,108342,11/24/2023
83,79,Chennai,Fashion,Shoes,30811,4,123244,12/11/2024
84,278,Bangalore,Fashion,Shirt,54877,4,219508,12/5/2023
85,300,Chennai,Sports,Football,27610,4,110440,2/3/2024
86,153,Bangalore,Electronics,Tablet,63018,1,63018,12/27/2023
87,224,Bangalore,Sports,Cricket Bat,64493,2,128986,10/7/2023
88,240,Pune,Electronics,Tablet,44557,4,178228,6/19/2023
89,14,Mumbai,Beauty,Perfume,52145,5,260725,7/31/2024
90,134,Bangalore,Sports,Cricket Bat,61015,2,122030,2/21/2023
91,195,Delhi,Home,Sofa,60098,3,180294,12/12/2023
92,277,Mumbai,Sports,Tennis Racket,11235,4,44940,1/20/2023
93,127,Pune,Home,Sofa,9493,1,9493,2/1/2023
94,59,Hyderabad,Electronics,Mobile,31766,2,63532,4/29/2024
95,59,Pune,Fashion,Jacket,34086,3,102258,6/21/2023
96,295,Chennai,Home,Mixer,76349,1,76349,11/16/2023
97,125,Mumbai,Sports,Gym Gloves,26495,1,26495,8/29/2024
98,273,Bangalore,Home,Mixer,74677,1,74677,12/22/2023
99,216,Bangalore,Home,Mixer,66817,3,200451,1/13/2023
100,79,Bangalore,Electronics,Tablet,47972,4,191888,12/25/2024
101,224,Chennai,Fashion,Jeans,71039,4,284156,4/21/2024
102,143,Bangalore,Beauty,Face Wash,42745,2,85490,3/30/2023
103,195,Delhi,Fashion,Jacket,75191,5,375955,11/15/2024
104,109,Delhi,Electronics,Tablet,43100,2,86200,5/14/2024
105,142,Hyderabad,Home,Chair,37155,5,185775,12/19/2024
106,251,Hyderabad,Electronics,Mobile,11721,2,23442,2/21/2024
107,48,Delhi,Fashion,Jacket,64832,4,259328,1/18/2023
108,298,Delhi,Fashion,Jacket,32390,3,97170,11/10/2024
109,181,Chennai,Sports,Tennis Racket,56271,5,281355,12/5/2023
110,62,Chennai,Sports,Tennis Racket,40689,3,122067,8/25/2023
111,95,Pune,Fashion,Jeans,16170,5,80850,12/7/2024
112,145,Mumbai,Fashion,Jacket,36741,5,183705,6/21/2024
113,155,Mumbai,Fashion,Jeans,30316,3,90948,7/3/2023
114,284,Delhi,Beauty,Lipstick,36454,1,36454,2/25/2023
115,146,Bangalore,Fashion,Jacket,13946,1,13946,8/10/2024
116,130,Bangalore,Sports,Gym Gloves,45157,2,90314,2/22/2023
117,296,Chennai,Electronics,Laptop,53021,4,212084,3/17/2023
118,44,Pune,Electronics,Mobile,20055,5,100275,11/8/2023
119,116,Hyderabad,Electronics,Tablet,79971,5,399855,9/25/2024
120,220,Delhi,Sports,Gym Gloves,58528,3,175584,8/25/2024
121,109,Delhi,Beauty,Perfume,13506,2,27012,10/2/2024
122,39,Pune,Electronics,Mobile,31939,2,63878,7/19/2024
123,150,Mumbai,Electronics,Tablet,59548,5,297740,4/26/2024
124,120,Delhi,Fashion,Jeans,37556,4,150224,3/14/2023
125,116,Chennai,Beauty,Lipstick,56223,1,56223,7/11/2024
126,85,Delhi,Fashion,Jeans,19143,1,19143,3/3/2023
127,156,Chennai,Beauty,Face Wash,58060,1,58060,4/24/2024
128,225,Mumbai,Sports,Tennis Racket,66097,5,330485,5/20/2024
129,129,Mumbai,Beauty,Perfume,57126,3,171378,9/10/2024
130,138,Hyderabad,Electronics,Mobile,75892,5,379460,1/22/2023
131,227,Delhi,Electronics,Mobile,62169,5,310845,10/29/2024
132,179,Bangalore,Fashion,Jacket,64951,1,64951,4/26/2024
133,211,Chennai,Home,Chair,14210,2,28420,12/4/2023
134,233,Mumbai,Sports,Tennis Racket,52988,5,264940,2/7/2023
135,264,Mumbai,Home,Chair,42872,1,42872,2/18/2024
136,266,Delhi,Beauty,Shampoo,54665,1,54665,7/12/2023
137,137,Hyderabad,Beauty,Shampoo,58439,1,58439,7/28/2023
138,15,Chennai,Fashion,Jeans,57924,4,231696,5/5/2023
139,8,Hyderabad,Beauty,Lipstick,21258,3,63774,7/18/2024
140,61,Chennai,Sports,Football,29951,1,29951,4/17/2024
141,140,Bangalore,Fashion,Jacket,38754,5,193770,12/23/2024
142,75,Bangalore,Sports,Gym Gloves,32446,4,129784,7/18/2024
143,175,Hyderabad,Fashion,Shoes,9650,3,28950,2/29/2024
144,297,Chennai,Home,Mixer,37572,3,112716,8/24/2024
145,177,Delhi,Sports,Cricket Bat,59029,5,295145,5/10/2024
146,123,Hyderabad,Beauty,Shampoo,60182,3,180546,7/13/2023
147,243,Chennai,Sports,Cricket Bat,54341,1,54341,11/22/2023
148,65,Hyderabad,Sports,Gym Gloves,20436,4,81744,2/7/2023
149,270,Bangalore,Beauty,Face Wash,13654,4,54616,4/13/2023
150,241,Delhi,Electronics,Mobile,54236,2,108472,3/18/2023
151,274,Bangalore,Home,Table,11027,3,33081,11/21/2024
152,36,Pune,Home,Table,71412,1,71412,9/24/2024
153,52,Bangalore,Home,Sofa,12346,4,49384,4/11/2023
154,29,Delhi,Fashion,Jeans,4294,1,4294,11/29/2023
155,272,Bangalore,Home,Chair,56950,2,113900,9/8/2023
156,196,Hyderabad,Beauty,Lipstick,22780,2,45560,3/22/2023
157,237,Chennai,Fashion,Jacket,76935,2,153870,8/26/2023
158,148,Chennai,Home,Table,33966,1,33966,4/21/2024
159,154,Chennai,Beauty,Lipstick,10181,4,40724,12/20/2023
160,197,Bangalore,Sports,Tennis Racket,60378,3,181134,7/23/2023
161,295,Delhi,Electronics,Mobile,50486,5,252430,1/3/2024
162,290,Chennai,Home,Mixer,52379,3,157137,1/9/2023
163,181,Pune,Electronics,Tablet,38012,2,76024,9/13/2024
164,21,Delhi,Fashion,Jeans,18427,1,18427,10/4/2024
165,47,Delhi,Sports,Football,76465,3,229395,5/15/2023
166,277,Delhi,Home,Table,23521,2,47042,5/16/2023
167,152,Chennai,Beauty,Face Wash,22067,3,66201,5/8/2024
168,116,Chennai,Home,Mixer,61885,1,61885,5/25/2023
169,136,Hyderabad,Sports,Tennis Racket,12336,4,49344,1/15/2023
170,196,Chennai,Electronics,Tablet,48811,3,146433,8/21/2024
171,288,Delhi,Home,Mixer,31147,4,124588,1/26/2023
172,155,Chennai,Beauty,Lipstick,8785,4,35140,12/18/2024
173,156,Bangalore,Sports,Football,18820,1,18820,2/8/2023
174,199,Bangalore,Electronics,Laptop,31275,5,156375,5/19/2023
175,51,Bangalore,Home,Table,77483,2,154966,2/29/2024
176,190,Pune,Beauty,Shampoo,37166,1,37166,12/7/2024
177,189,Hyderabad,Sports,Gym Gloves,31447,3,94341,4/12/2023
178,63,Bangalore,Home,Mixer,52684,3,158052,7/14/2023
179,171,Pune,Electronics,Mobile,78769,1,78769,2/21/2023
180,111,Pune,Fashion,Shoes,9492,5,47460,8/1/2023
181,75,Pune,Home,Sofa,78616,1,78616,10/11/2023
182,14,Pune,Beauty,Face Wash,23371,1,23371,11/7/2024
183,9,Pune,Electronics,Headphones,31686,5,158430,11/28/2023
184,59,Chennai,Home,Mixer,17114,4,68456,6/22/2024
185,56,Bangalore,Electronics,Tablet,59256,3,177768,6/9/2024
186,235,Chennai,Beauty,Lipstick,6183,5,30915,11/5/2023
187,56,Bangalore,Electronics,Laptop,63281,4,253124,3/12/2024
188,76,Mumbai,Sports,Football,11089,3,33267,9/14/2024
189,167,Bangalore,Fashion,Jeans,77224,5,386120,12/30/2024
190,221,Mumbai,Beauty,Face Wash,59969,5,299845,9/11/2024
191,212,Delhi,Electronics,Mobile,56870,4,227480,8/22/2023
192,219,Delhi,Sports,Gym Gloves,55024,1,55024,11/17/2023
193,47,Mumbai,Home,Chair,20506,4,82024,3/10/2023
194,285,Mumbai,Electronics,Tablet,13156,3,39468,5/14/2023
195,217,Chennai,Beauty,Face Wash,16521,4,66084,12/29/2023
196,54,Hyderabad,Electronics,Headphones,79196,3,237588,12/27/2023
197,56,Delhi,Beauty,Lipstick,20780,4,83120,8/18/2023
198,116,Bangalore,Beauty,Face Wash,15558,3,46674,8/10/2024
199,140,Chennai,Beauty,Perfume,35554,1,35554,7/4/2023
200,74,Hyderabad,Home,Chair,46509,1,46509,7/5/2023
201,272,Pune,Sports,Football,19095,1,19095,4/4/2023
202,190,Delhi,Sports,Gym Gloves,59960,3,179880,6/11/2023
203,26,Chennai,Home,Mixer,7395,2,14790,6/11/2023
204,227,Bangalore,Electronics,Headphones,58579,4,234316,5/12/2024
205,221,Mumbai,Home,Sofa,67654,1,67654,12/20/2023
206,113,Bangalore,Home,Table,69566,3,208698,2/16/2023
207,109,Pune,Beauty,Perfume,1507,2,3014,11/5/2023
208,255,Chennai,Home,Chair,43507,1,43507,1/8/2023
209,118,Hyderabad,Sports,Cricket Bat,17432,4,69728,6/29/2024
210,224,Mumbai,Beauty,Face Wash,9947,4,39788,2/13/2023
211,294,Bangalore,Sports,Football,41533,5,207665,3/15/2024
212,167,Pune,Sports,Tennis Racket,15596,4,62384,1/22/2023
213,55,Pune,Beauty,Shampoo,47928,1,47928,3/23/2024
214,159,Chennai,Sports,Gym Gloves,69176,1,69176,2/10/2024
215,262,Chennai,Home,Sofa,44155,2,88310,3/20/2023
216,76,Pune,Electronics,Mobile,46293,3,138879,10/22/2024
217,79,Chennai,Electronics,Mobile,34050,2,68100,6/27/2023
218,297,Bangalore,Electronics,Mobile,65264,4,261056,7/31/2024
219,35,Bangalore,Beauty,Face Wash,41936,2,83872,3/26/2024
220,181,Hyderabad,Sports,Tennis Racket,36502,5,182510,2/27/2023
221,30,Delhi,Electronics,Headphones,61021,4,244084,2/8/2023
222,260,Bangalore,Home,Mixer,12335,5,61675,8/31/2024
223,97,Delhi,Sports,Football,59447,5,297235,10/29/2024
224,231,Mumbai,Beauty,Shampoo,66215,2,132430,3/5/2023
225,127,Chennai,Home,Mixer,66632,2,133264,2/10/2023
226,82,Delhi,Sports,Gym Gloves,69190,5,345950,9/16/2024
227,27,Chennai,Home,Chair,51279,4,205116,12/13/2023
228,198,Delhi,Home,Mixer,43713,1,43713,7/25/2024
229,73,Delhi,Home,Sofa,44194,1,44194,8/19/2024
230,44,Delhi,Home,Table,17401,5,87005,12/26/2024
231,270,Mumbai,Beauty,Shampoo,43554,2,87108,11/17/2024
232,93,Pune,Sports,Tennis Racket,2889,3,8667,11/13/2023
233,80,Mumbai,Home,Table,25666,2,51332,5/21/2023
234,20,Chennai,Home,Mixer,67043,5,335215,6/23/2024
235,84,Pune,Home,Sofa,78782,4,315128,6/7/2023
236,187,Chennai,Beauty,Lipstick,57866,1,57866,2/25/2024
237,274,Pune,Fashion,Jacket,37846,4,151384,8/28/2023
238,293,Bangalore,Home,Table,25930,3,77790,11/25/2024
239,215,Pune,Sports,Tennis Racket,50552,5,252760,6/24/2024
240,247,Delhi,Fashion,Shoes,33268,1,33268,10/18/2024
241,43,Pune,Beauty,Perfume,68121,1,68121,10/19/2023
242,47,Pune,Home,Table,67786,2,135572,3/23/2024
243,203,Hyderabad,Sports,Tennis Racket,3995,4,15980,2/24/2023
244,115,Mumbai,Home,Sofa,51115,1,51115,1/19/2024
245,20,Delhi,Home,Mixer,44447,2,88894,5/21/2023
246,3,Mumbai,Sports,Cricket Bat,61987,4,247948,9/22/2024
247,271,Bangalore,Electronics,Headphones,28766,2,57532,7/15/2024
248,25,Pune,Electronics,Headphones,31647,3,94941,5/5/2023
249,275,Mumbai,Sports,Gym Gloves,8732,1,8732,5/26/2024
250,1,Hyderabad,Beauty,Lipstick,19318,3,57954,3/15/2024
251,44,Hyderabad,Home,Sofa,75298,4,301192,7/11/2023
252,260,Hyderabad,Home,Mixer,69451,5,347255,6/3/2024
253,199,Delhi,Electronics,Tablet,62121,1,62121,10/12/2024
254,124,Chennai,Home,Mixer,47305,1,47305,12/20/2023
255,280,Delhi,Electronics,Headphones,17986,1,17986,12/27/2023
256,33,Chennai,Fashion,Jacket,63222,2,126444,5/19/2023
257,103,Mumbai,Sports,Football,38962,2,77924,2/14/2023
258,243,Delhi,Home,Chair,68052,4,272208,7/10/2024
259,170,Delhi,Electronics,Mobile,38001,3,114003,2/18/2023
260,198,Delhi,Electronics,Headphones,57772,4,231088,3/26/2024
261,137,Mumbai,Fashion,Jacket,65711,3,197133,6/15/2024
262,280,Delhi,Sports,Football,56940,5,284700,7/4/2023
263,152,Delhi,Home,Mixer,10994,3,32982,11/7/2024
264,229,Mumbai,Sports,Gym Gloves,22342,4,89368,12/26/2023
265,208,Delhi,Home,Table,36486,1,36486,3/18/2023
266,225,Mumbai,Beauty,Lipstick,4581,2,9162,9/14/2024
267,197,Hyderabad,Fashion,Shirt,31432,3,94296,1/6/2024
268,228,Mumbai,Electronics,Mobile,59472,3,178416,1/16/2024
269,161,Chennai,Beauty,Lipstick,69897,3,209691,2/12/2024
270,256,Hyderabad,Home,Sofa,15369,1,15369,7/10/2023
271,229,Pune,Sports,Football,34811,3,104433,12/21/2024
272,70,Mumbai,Beauty,Face Wash,64882,2,129764,5/6/2023
273,164,Chennai,Sports,Cricket Bat,58841,1,58841,11/29/2024
274,154,Pune,Home,Mixer,72589,5,362945,10/25/2023
275,103,Pune,Fashion,Jeans,67183,2,134366,5/5/2023
276,294,Delhi,Fashion,Jacket,3945,3,11835,7/21/2024
277,204,Chennai,Sports,Cricket Bat,11800,1,11800,11/13/2023
278,65,Delhi,Sports,Gym Gloves,54165,5,270825,3/17/2023
279,66,Hyderabad,Electronics,Tablet,61557,5,307785,12/19/2023
280,29,Mumbai,Beauty,Lipstick,17412,4,69648,5/29/2024
281,166,Chennai,Beauty,Lipstick,40362,2,80724,6/15/2023
282,129,Pune,Fashion,Jeans,68512,3,205536,3/22/2023
283,274,Mumbai,Beauty,Face Wash,16906,3,50718,9/21/2024
284,88,Chennai,Beauty,Lipstick,78069,5,390345,6/7/2023
285,42,Mumbai,Beauty,Face Wash,74374,1,74374,1/30/2023
286,16,Bangalore,Beauty,Face Wash,28131,5,140655,3/2/2024
287,208,Delhi,Beauty,Face Wash,40096,4,160384,9/8/2023
288,213,Bangalore,Sports,Football,8352,2,16704,3/26/2024
289,161,Chennai,Sports,Cricket Bat,45089,5,225445,5/28/2023
290,264,Hyderabad,Home,Chair,52760,2,105520,1/15/2024
291,137,Bangalore,Electronics,Headphones,32185,4,128740,5/6/2023
292,197,Hyderabad,Fashion,Shoes,13189,1,13189,10/25/2023
293,161,Pune,Sports,Cricket Bat,21432,3,64296,8/14/2024
294,158,Bangalore,Fashion,Jacket,67966,4,271864,5/25/2024
295,124,Pune,Electronics,Laptop,52043,5,260215,4/13/2024
296,254,Hyderabad,Beauty,Face Wash,6877,1,6877,10/16/2023
297,221,Pune,Sports,Tennis Racket,70845,1,70845,4/21/2023
298,206,Mumbai,Home,Chair,53355,3,160065,2/16/2023
299,38,Bangalore,Beauty,Lipstick,48016,5,240080,10/23/2023
300,61,Pune,Beauty,Shampoo,72570,3,217710,9/30/2024
301,188,Pune,Electronics,Tablet,49415,3,148245,7/25/2024
302,20,Pune,Fashion,Jacket,66046,1,66046,2/16/2023
303,264,Pune,Home,Table,68569,4,274276,6/2/2023
304,154,Hyderabad,Home,Chair,21799,4,87196,9/23/2024
305,9,Delhi,Home,Table,74283,3,222849,5/1/2024
306,14,Hyderabad,Home,Mixer,55096,5,275480,11/12/2023
307,27,Hyderabad,Sports,Tennis Racket,76321,5,381605,8/22/2023
308,76,Chennai,Sports,Cricket Bat,69212,5,346060,1/25/2024
309,10,Bangalore,Fashion,Shirt,75547,1,75547,7/15/2023
310,105,Bangalore,Home,Table,20348,4,81392,12/8/2024
311,107,Hyderabad,Beauty,Shampoo,8663,2,17326,6/15/2024
312,89,Bangalore,Home,Table,69375,4,277500,11/18/2023
313,136,Hyderabad,Beauty,Face Wash,72101,3,216303,11/23/2024
314,153,Pune,Sports,Cricket Bat,32811,3,98433,7/25/2024
315,246,Delhi,Home,Chair,27668,4,110672,11/21/2023
316,279,Bangalore,Beauty,Face Wash,38221,1,38221,8/10/2024
317,148,Chennai,Sports,Tennis Racket,19698,3,59094,2/13/2023
318,110,Pune,Electronics,Headphones,58483,3,175449,5/5/2024
319,56,Hyderabad,Beauty,Face Wash,74164,3,222492,5/21/2023
320,272,Pune,Beauty,Lipstick,32279,1,32279,11/16/2024
321,242,Mumbai,Fashion,Shirt,13633,4,54532,12/5/2023
322,244,Bangalore,Fashion,Shirt,72635,2,145270,2/21/2024
323,31,Mumbai,Fashion,Jeans,42596,3,127788,10/23/2024
324,214,Pune,Beauty,Lipstick,70643,1,70643,6/29/2023
325,20,Mumbai,Electronics,Tablet,65430,2,130860,10/24/2023
326,279,Hyderabad,Home,Mixer,44414,3,133242,4/10/2024
327,99,Mumbai,Sports,Cricket Bat,66588,4,266352,10/7/2023
328,8,Chennai,Home,Sofa,60650,3,181950,7/10/2023
329,208,Bangalore,Home,Chair,74920,2,149840,6/29/2023
330,49,Pune,Beauty,Face Wash,11868,4,47472,11/16/2024
331,134,Bangalore,Fashion,Jacket,42915,2,85830,1/7/2023
332,299,Chennai,Fashion,Jacket,35495,3,106485,11/6/2023
333,121,Mumbai,Beauty,Perfume,34782,3,104346,12/10/2024
334,258,Chennai,Electronics,Tablet,40713,2,81426,2/20/2024
335,114,Pune,Home,Mixer,39171,3,117513,9/21/2024
336,192,Bangalore,Fashion,Jacket,20578,4,82312,9/12/2024
337,42,Hyderabad,Beauty,Shampoo,70953,2,141906,9/11/2023
338,32,Hyderabad,Sports,Tennis Racket,10737,5,53685,4/25/2023
339,85,Delhi,Beauty,Lipstick,75565,5,377825,6/3/2023
340,251,Mumbai,Beauty,Shampoo,15735,2,31470,8/20/2024
341,263,Bangalore,Beauty,Shampoo,7792,4,31168,5/16/2023
342,158,Chennai,Sports,Football,73742,4,294968,11/19/2024
343,297,Mumbai,Electronics,Tablet,33852,1,33852,8/12/2023
344,31,Mumbai,Electronics,Tablet,45658,1,45658,7/8/2024
345,70,Chennai,Sports,Football,38129,4,152516,7/4/2023
346,193,Mumbai,Sports,Tennis Racket,50632,4,202528,1/22/2024
347,276,Bangalore,Beauty,Lipstick,46082,1,46082,7/2/2023
348,153,Bangalore,Beauty,Lipstick,29688,1,29688,1/24/2023
349,127,Bangalore,Beauty,Shampoo,70221,4,280884,8/24/2023
350,17,Chennai,Home,Sofa,36629,2,73258,4/26/2023
351,52,Hyderabad,Sports,Football,32044,2,64088,3/10/2023
352,23,Bangalore,Electronics,Tablet,78852,1,78852,9/8/2023
353,72,Hyderabad,Sports,Cricket Bat,71247,2,142494,2/27/2023
354,165,Pune,Home,Sofa,76011,3,228033,8/14/2024
355,154,Delhi,Home,Sofa,68821,2,137642,2/28/2024
356,25,Delhi,Electronics,Mobile,56494,5,282470,5/22/2024
357,154,Bangalore,Sports,Tennis Racket,55068,4,220272,6/2/2023
358,74,Bangalore,Fashion,Jacket,32084,2,64168,11/4/2023
359,69,Bangalore,Electronics,Tablet,55092,5,275460,6/26/2024
360,41,Bangalore,Fashion,Jeans,27151,3,81453,10/24/2024
361,138,Bangalore,Home,Mixer,70706,2,141412,2/22/2023
362,287,Pune,Beauty,Perfume,10039,2,20078,8/24/2024
363,109,Pune,Sports,Cricket Bat,44142,3,132426,1/16/2023
364,105,Bangalore,Electronics,Tablet,32297,5,161485,12/21/2024
365,274,Chennai,Fashion,Jeans,37601,4,150404,4/22/2024
366,255,Bangalore,Home,Chair,34783,3,104349,6/9/2024
367,161,Bangalore,Electronics,Tablet,42473,2,84946,1/15/2024
368,284,Hyderabad,Electronics,Mobile,19626,1,19626,9/25/2023
369,169,Pune,Beauty,Shampoo,39191,2,78382,7/20/2023
370,173,Delhi,Sports,Cricket Bat,65944,5,329720,11/1/2024
371,87,Pune,Sports,Gym Gloves,60901,2,121802,12/27/2023
372,31,Hyderabad,Beauty,Shampoo,24623,5,123115,10/19/2024
373,71,Chennai,Electronics,Laptop,6858,1,6858,2/27/2024
374,259,Bangalore,Fashion,Shirt,20295,1,20295,8/12/2023
375,4,Hyderabad,Home,Mixer,63834,4,255336,1/17/2023
376,141,Hyderabad,Beauty,Shampoo,2053,1,2053,6/26/2024
377,55,Mumbai,Home,Mixer,66326,4,265304,7/3/2023
378,270,Delhi,Beauty,Lipstick,32084,2,64168,9/26/2024
379,208,Bangalore,Home,Chair,52522,1,52522,1/18/2024
380,42,Chennai,Beauty,Lipstick,30103,3,90309,12/1/2024
381,283,Bangalore,Electronics,Laptop,53620,4,214480,1/22/2024
382,223,Chennai,Electronics,Laptop,22963,1,22963,5/26/2024
383,109,Chennai,Home,Mixer,69726,1,69726,8/24/2023
384,144,Hyderabad,Beauty,Shampoo,36032,1,36032,3/18/2023
385,107,Hyderabad,Beauty,Perfume,24008,3,72024,1/17/2023
386,289,Pune,Fashion,Jacket,10584,3,31752,6/16/2023
387,72,Chennai,Beauty,Shampoo,71352,3,214056,1/29/2024
388,119,Mumbai,Electronics,Headphones,7538,1,7538,3/23/2024
389,140,Bangalore,Home,Table,43278,1,43278,10/11/2024
390,222,Pune,Sports,Cricket Bat,47136,5,235680,1/20/2024
391,127,Chennai,Beauty,Shampoo,11732,5,58660,10/30/2023
392,79,Chennai,Electronics,Laptop,35623,2,71246,1/25/2024
393,3,Delhi,Sports,Tennis Racket,47777,1,47777,4/4/2023
394,45,Pune,Sports,Tennis Racket,35858,1,35858,5/16/2023
395,209,Mumbai,Sports,Gym Gloves,73505,5,367525,6/8/2024
396,167,Bangalore,Electronics,Laptop,46888,5,234440,4/6/2023
397,287,Pune,Electronics,Headphones,54738,4,218952,3/28/2023
398,138,Delhi,Beauty,Lipstick,50403,2,100806,5/23/2023
399,223,Delhi,Home,Table,19627,1,19627,6/21/2023
400,129,Pune,Sports,Tennis Racket,63969,1,63969,1/5/2024
401,156,Mumbai,Sports,Cricket Bat,60512,1,60512,5/19/2023
402,172,Bangalore,Sports,Tennis Racket,50292,3,150876,3/26/2024
403,103,Bangalore,Beauty,Lipstick,39878,3,119634,9/9/2024
404,252,Hyderabad,Home,Sofa,52698,3,158094,10/26/2023
405,187,Mumbai,Fashion,Jeans,49790,3,149370,2/7/2024
406,282,Mumbai,Beauty,Lipstick,78124,5,390620,7/4/2023
407,36,Bangalore,Sports,Cricket Bat,57969,3,173907,12/10/2024
408,79,Chennai,Sports,Cricket Bat,40192,2,80384,9/16/2023
409,246,Hyderabad,Sports,Gym Gloves,10194,4,40776,9/4/2024
410,275,Hyderabad,Sports,Gym Gloves,71756,1,71756,1/4/2024
411,23,Hyderabad,Electronics,Laptop,33036,3,99108,6/20/2023
412,51,Delhi,Sports,Tennis Racket,56920,1,56920,1/11/2023
413,238,Chennai,Fashion,Shoes,58929,3,176787,2/5/2024
414,54,Delhi,Beauty,Lipstick,45715,1,45715,5/9/2024
415,160,Delhi,Sports,Football,15713,2,31426,12/23/2023
416,244,Mumbai,Sports,Cricket Bat,68803,4,275212,12/23/2023
417,23,Chennai,Sports,Gym Gloves,42300,1,42300,11/4/2023
418,85,Chennai,Electronics,Laptop,45467,1,45467,11/24/2024
419,287,Bangalore,Fashion,Shoes,72839,2,145678,12/5/2023
420,222,Bangalore,Sports,Cricket Bat,53590,2,107180,7/10/2023
421,200,Mumbai,Electronics,Mobile,59426,5,297130,3/15/2024
422,53,Hyderabad,Fashion,Shoes,36983,1,36983,8/14/2024
423,59,Delhi,Fashion,Jeans,43227,2,86454,4/13/2024
424,201,Hyderabad,Sports,Tennis Racket,78746,4,314984,9/17/2024
425,89,Chennai,Electronics,Headphones,46635,4,186540,9/24/2024
426,123,Delhi,Home,Mixer,18056,3,54168,5/1/2023
427,199,Bangalore,Electronics,Mobile,49429,2,98858,6/7/2024
428,96,Bangalore,Beauty,Lipstick,75840,4,303360,3/9/2024
429,148,Pune,Beauty,Lipstick,73233,2,146466,5/16/2024
430,184,Mumbai,Fashion,Jeans,59613,5,298065,2/24/2023
431,259,Chennai,Sports,Cricket Bat,26075,4,104300,7/29/2024
432,228,Bangalore,Sports,Gym Gloves,64951,4,259804,12/28/2024
433,150,Mumbai,Fashion,Shirt,74607,1,74607,8/14/2023
434,235,Hyderabad,Home,Sofa,70965,3,212895,6/22/2023
435,279,Delhi,Sports,Football,75566,1,75566,10/2/2023
436,218,Mumbai,Beauty,Perfume,58350,5,291750,8/12/2023
437,179,Mumbai,Fashion,Jeans,4724,4,18896,9/27/2023
438,180,Chennai,Sports,Football,31556,2,63112,8/25/2024
439,106,Pune,Beauty,Shampoo,22255,5,111275,5/23/2023
440,276,Pune,Electronics,Headphones,70267,3,210801,9/3/2024
441,264,Chennai,Home,Chair,38423,5,192115,10/1/2023
442,65,Chennai,Electronics,Mobile,54448,1,54448,10/11/2023
443,202,Bangalore,Fashion,Shoes,19668,3,59004,9/11/2023
444,39,Chennai,Fashion,Jeans,54793,4,219172,4/7/2024
445,189,Bangalore,Electronics,Tablet,68082,3,204246,12/12/2024
446,235,Chennai,Sports,Tennis Racket,76778,1,76778,4/6/2023
447,220,Pune,Home,Mixer,70548,4,282192,8/12/2023
448,281,Hyderabad,Sports,Tennis Racket,42818,3,128454,12/12/2023
449,51,Chennai,Fashion,Jacket,45554,1,45554,2/17/2023
450,234,Mumbai,Sports,Football,16784,2,33568,3/27/2024
451,141,Mumbai,Sports,Cricket Bat,17790,3,53370,6/12/2023
452,85,Mumbai,Home,Chair,11303,3,33909,11/11/2024
453,47,Chennai,Sports,Tennis Racket,31189,4,124756,11/2/2024
454,68,Hyderabad,Electronics,Laptop,28473,4,113892,3/21/2023
455,176,Mumbai,Fashion,Jacket,1717,1,1717,12/13/2024
456,197,Mumbai,Sports,Cricket Bat,63113,1,63113,8/23/2023
457,71,Bangalore,Electronics,Laptop,41571,3,124713,11/3/2023
458,5,Hyderabad,Fashion,Shoes,9466,5,47330,7/30/2024
459,78,Bangalore,Fashion,Jacket,46530,2,93060,10/5/2024
460,72,Mumbai,Beauty,Shampoo,28974,1,28974,4/13/2023
461,72,Pune,Beauty,Shampoo,46576,4,186304,11/19/2023
462,146,Chennai,Home,Mixer,33027,5,165135,9/7/2024
463,261,Pune,Electronics,Headphones,27428,5,137140,9/13/2024
464,198,Mumbai,Sports,Tennis Racket,7652,2,15304,5/21/2024
465,7,Delhi,Fashion,Jacket,78347,1,78347,6/24/2024
466,188,Hyderabad,Home,Sofa,51203,5,256015,3/6/2024
467,35,Mumbai,Fashion,Jacket,10067,1,10067,8/24/2024
468,260,Delhi,Home,Sofa,5720,1,5720,2/12/2024
469,275,Hyderabad,Beauty,Shampoo,56018,4,224072,3/26/2023
470,41,Hyderabad,Beauty,Lipstick,36868,1,36868,11/14/2023
471,34,Delhi,Fashion,Shoes,70805,3,212415,2/5/2024
472,223,Mumbai,Sports,Cricket Bat,8089,2,16178,3/30/2023
473,7,Chennai,Sports,Football,41039,2,82078,5/3/2023
474,268,Hyderabad,Fashion,Shirt,21973,4,87892,12/22/2023
475,61,Mumbai,Home,Sofa,49241,2,98482,10/3/2023
476,135,Chennai,Home,Table,36149,5,180745,3/7/2023
477,185,Mumbai,Beauty,Perfume,65531,4,262124,6/7/2024
478,53,Hyderabad,Sports,Cricket Bat,48693,2,97386,9/19/2023
479,7,Pune,Electronics,Mobile,67192,1,67192,2/15/2023
480,92,Mumbai,Electronics,Tablet,48207,4,192828,6/3/2023
481,214,Chennai,Beauty,Shampoo,29927,3,89781,9/12/2023
482,62,Hyderabad,Home,Chair,10708,5,53540,1/17/2024
483,206,Mumbai,Electronics,Mobile,29753,5,148765,2/17/2023
484,284,Bangalore,Sports,Tennis Racket,41223,3,123669,3/30/2023
485,156,Chennai,Electronics,Headphones,26802,3,80406,7/31/2024
486,253,Pune,Beauty,Lipstick,61307,3,183921,8/28/2024
487,13,Pune,Beauty,Lipstick,20235,1,20235,2/24/2024
488,193,Chennai,Beauty,Face Wash,1757,3,5271,1/2/2023
489,215,Bangalore,Home,Mixer,27395,5,136975,9/1/2023
490,119,Hyderabad,Electronics,Mobile,37177,1,37177,2/14/2023
491,49,Hyderabad,Sports,Tennis Racket,60591,1,60591,8/17/2024
492,32,Bangalore,Fashion,Jacket,10308,5,51540,8/4/2024
493,202,Chennai,Fashion,Shoes,38730,3,116190,11/19/2023
494,39,Pune,Home,Chair,59843,3,179529,8/28/2023
495,231,Bangalore,Fashion,Shirt,20869,1,20869,6/18/2023
496,107,Bangalore,Home,Table,16325,5,81625,1/2/2024
497,81,Chennai,Home,Table,35235,1,35235,4/3/2023
498,47,Chennai,Home,Mixer,28683,3,86049,6/1/2023
499,154,Delhi,Fashion,Jeans,52436,5,262180,2/20/2023
500,282,Pune,Fashion,Shirt,53504,4,214016,7/23/2024
501,7,Mumbai,Electronics,Tablet,13857,2,27714,5/5/2023
502,44,Hyderabad,Fashion,Shoes,26469,4,105876,1/17/2024
503,102,Chennai,Beauty,Face Wash,10328,1,10328,3/8/2023
504,22,Bangalore,Sports,Cricket Bat,12555,3,37665,5/6/2023
505,255,Mumbai,Electronics,Mobile,75720,4,302880,2/9/2024
506,96,Delhi,Sports,Gym Gloves,23150,3,69450,8/8/2023
507,126,Chennai,Home,Table,19981,1,19981,9/20/2024
508,32,Mumbai,Home,Table,54500,5,272500,5/5/2024
509,270,Pune,Home,Table,18487,4,73948,7/24/2023
510,279,Bangalore,Beauty,Perfume,50634,3,151902,5/6/2024
511,14,Delhi,Home,Chair,51405,3,154215,7/4/2023
512,242,Hyderabad,Beauty,Lipstick,4340,3,13020,3/1/2023
513,124,Delhi,Home,Sofa,21422,1,21422,9/11/2023
514,182,Pune,Beauty,Perfume,29258,5,146290,2/2/2024
515,184,Hyderabad,Fashion,Shoes,78162,3,234486,12/15/2024
516,289,Pune,Electronics,Headphones,74903,5,374515,5/26/2023
517,47,Mumbai,Sports,Tennis Racket,23510,4,94040,2/8/2023
518,1,Delhi,Fashion,Shoes,3112,5,15560,5/4/2024
519,166,Mumbai,Beauty,Lipstick,17603,3,52809,7/1/2023
520,270,Delhi,Electronics,Mobile,77388,2,154776,4/24/2023
521,173,Delhi,Electronics,Headphones,52351,5,261755,4/14/2023
522,250,Chennai,Home,Sofa,21144,4,84576,10/16/2024
523,115,Chennai,Home,Sofa,74159,5,370795,1/1/2024
524,151,Pune,Beauty,Lipstick,50095,3,150285,12/6/2024
525,17,Pune,Fashion,Shirt,75582,4,302328,8/4/2024
526,255,Pune,Beauty,Face Wash,29453,5,147265,4/17/2023
527,86,Chennai,Home,Mixer,31694,3,95082,11/24/2023
528,108,Pune,Electronics,Headphones,59040,1,59040,9/29/2023
529,25,Bangalore,Electronics,Headphones,34140,1,34140,1/2/2023
530,194,Delhi,Sports,Gym Gloves,22302,4,89208,5/19/2024
531,116,Pune,Beauty,Shampoo,13794,4,55176,8/14/2024
532,164,Delhi,Sports,Football,4879,3,14637,1/21/2023
533,83,Chennai,Electronics,Laptop,45301,2,90602,1/20/2024
534,248,Chennai,Electronics,Laptop,44795,5,223975,9/20/2024
535,81,Mumbai,Electronics,Tablet,22126,5,110630,3/20/2024
536,284,Chennai,Electronics,Headphones,27441,2,54882,2/24/2024
537,50,Mumbai,Beauty,Face Wash,37399,3,112197,9/1/2023
538,2,Bangalore,Sports,Gym Gloves,20631,1,20631,1/5/2024
539,50,Mumbai,Electronics,Headphones,79171,4,316684,7/24/2023
540,60,Delhi,Fashion,Shoes,38748,1,38748,4/29/2024
541,279,Bangalore,Sports,Gym Gloves,64606,3,193818,4/4/2023
542,229,Mumbai,Fashion,Jeans,50496,3,151488,7/11/2023
543,138,Hyderabad,Home,Table,61456,3,184368,8/20/2023
544,177,Hyderabad,Electronics,Mobile,13175,1,13175,11/15/2024
545,268,Bangalore,Sports,Cricket Bat,73061,1,73061,2/1/2024
546,154,Mumbai,Beauty,Shampoo,75566,2,151132,5/2/2024
547,293,Chennai,Sports,Football,66311,5,331555,6/13/2024
548,86,Pune,Beauty,Lipstick,16265,4,65060,6/27/2023
549,223,Pune,Fashion,Shoes,6093,4,24372,3/22/2023
550,199,Hyderabad,Fashion,Jeans,42410,1,42410,3/31/2023
551,7,Chennai,Sports,Tennis Racket,36702,5,183510,4/14/2024
552,76,Hyderabad,Beauty,Shampoo,15248,4,60992,6/3/2023
553,147,Hyderabad,Beauty,Perfume,14345,5,71725,4/14/2023
554,249,Hyderabad,Home,Table,35120,4,140480,11/1/2024
555,207,Pune,Beauty,Shampoo,5410,2,10820,10/10/2023
556,122,Mumbai,Beauty,Shampoo,5583,4,22332,12/6/2023
557,156,Delhi,Sports,Tennis Racket,49316,1,49316,12/12/2023
558,154,Chennai,Home,Table,13373,2,26746,5/18/2023
559,46,Pune,Sports,Tennis Racket,35813,4,143252,9/11/2024
560,192,Mumbai,Sports,Cricket Bat,53868,4,215472,6/12/2024
561,260,Bangalore,Beauty,Lipstick,9100,3,27300,12/27/2024
562,30,Pune,Fashion,Shirt,23272,2,46544,7/25/2023
563,102,Delhi,Electronics,Tablet,7126,3,21378,12/22/2024
564,64,Chennai,Home,Table,66707,4,266828,10/12/2024
565,229,Pune,Electronics,Mobile,49319,4,197276,8/31/2024
566,47,Delhi,Sports,Tennis Racket,45621,2,91242,9/22/2023
567,110,Pune,Electronics,Tablet,7007,2,14014,8/8/2024
568,11,Chennai,Fashion,Shoes,35769,4,143076,6/9/2024
569,5,Pune,Electronics,Tablet,17842,2,35684,9/7/2024
570,179,Bangalore,Home,Chair,36594,4,146376,1/21/2024
571,267,Hyderabad,Home,Sofa,61671,3,185013,11/24/2024
572,192,Hyderabad,Sports,Football,1463,5,7315,11/9/2024
573,33,Delhi,Beauty,Face Wash,39621,1,39621,5/8/2024
574,153,Pune,Home,Chair,36791,3,110373,11/2/2024
575,164,Chennai,Fashion,Shoes,7941,5,39705,2/18/2024
576,215,Bangalore,Fashion,Shirt,65691,3,197073,9/23/2023
577,176,Chennai,Sports,Football,76918,5,384590,7/14/2023
578,88,Chennai,Fashion,Jacket,47488,5,237440,11/4/2023
579,66,Chennai,Beauty,Lipstick,39006,1,39006,4/27/2024
580,182,Pune,Home,Sofa,44492,1,44492,8/16/2023
581,300,Delhi,Home,Table,43926,3,131778,9/24/2023
582,299,Hyderabad,Sports,Football,62174,1,62174,10/11/2024
583,62,Chennai,Beauty,Perfume,62394,2,124788,5/27/2024
584,71,Pune,Sports,Tennis Racket,54646,1,54646,6/4/2023
585,162,Chennai,Home,Table,75132,4,300528,5/27/2023
586,91,Delhi,Fashion,Shirt,64408,3,193224,10/8/2024
587,87,Hyderabad,Electronics,Laptop,59751,3,179253,8/3/2023
588,223,Chennai,Fashion,Jacket,12039,2,24078,9/21/2024
589,3,Mumbai,Sports,Gym Gloves,56733,4,226932,1/28/2024
590,272,Pune,Beauty,Lipstick,49403,1,49403,11/26/2023
591,177,Delhi,Electronics,Laptop,33113,2,66226,12/11/2024
592,157,Pune,Fashion,Shirt,50772,5,253860,8/25/2024
593,267,Hyderabad,Electronics,Laptop,39585,3,118755,4/11/2024
594,251,Delhi,Beauty,Face Wash,57341,2,114682,12/17/2023
595,115,Chennai,Fashion,Shoes,53373,1,53373,8/22/2023
596,87,Mumbai,Fashion,Shoes,3372,5,16860,5/31/2024
597,25,Hyderabad,Home,Mixer,49677,3,149031,7/1/2024
598,60,Bangalore,Electronics,Laptop,3087,1,3087,12/7/2024
599,243,Chennai,Sports,Gym Gloves,16699,5,83495,9/16/2023
600,52,Chennai,Fashion,Shoes,1719,3,5157,3/6/2024
601,54,Hyderabad,Beauty,Face Wash,79881,2,159762,3/4/2024
602,255,Pune,Beauty,Perfume,37554,1,37554,4/19/2023
603,184,Chennai,Beauty,Lipstick,34971,5,174855,7/26/2023
604,255,Pune,Sports,Tennis Racket,21520,1,21520,7/15/2024
605,46,Mumbai,Sports,Tennis Racket,31237,1,31237,1/14/2023
606,39,Chennai,Beauty,Shampoo,20048,1,20048,6/7/2024
607,136,Bangalore,Electronics,Headphones,30798,4,123192,10/31/2023
608,185,Chennai,Electronics,Laptop,23398,1,23398,10/25/2023
609,5,Pune,Home,Table,15691,1,15691,2/16/2023
610,138,Chennai,Fashion,Jeans,47361,4,189444,9/28/2024
611,206,Bangalore,Electronics,Headphones,45421,2,90842,4/27/2023
612,86,Mumbai,Sports,Tennis Racket,51056,4,204224,3/7/2024
613,248,Hyderabad,Fashion,Shirt,21392,1,21392,3/2/2024
614,15,Chennai,Sports,Cricket Bat,50274,3,150822,9/18/2024
615,226,Mumbai,Fashion,Jacket,64479,1,64479,2/26/2024
616,269,Chennai,Electronics,Headphones,41687,1,41687,12/22/2024
617,49,Bangalore,Beauty,Lipstick,44841,5,224205,6/19/2024
618,286,Hyderabad,Fashion,Jacket,45818,4,183272,6/2/2023
619,254,Pune,Electronics,Laptop,21068,5,105340,4/25/2024
620,143,Mumbai,Electronics,Tablet,42526,2,85052,12/5/2023
621,121,Mumbai,Beauty,Lipstick,72654,4,290616,2/17/2024
622,256,Bangalore,Sports,Gym Gloves,75608,4,302432,4/1/2023
623,207,Bangalore,Home,Mixer,65691,1,65691,4/16/2023
624,156,Hyderabad,Electronics,Laptop,12413,5,62065,9/25/2024
625,28,Pune,Beauty,Lipstick,60296,3,180888,1/8/2024
626,243,Chennai,Sports,Tennis Racket,73920,5,369600,9/6/2024
627,114,Mumbai,Home,Table,15445,1,15445,11/5/2024
628,192,Chennai,Home,Chair,38770,5,193850,6/18/2024
629,210,Mumbai,Electronics,Laptop,22016,4,88064,5/24/2023
630,111,Bangalore,Home,Sofa,25081,1,25081,2/7/2024
631,64,Bangalore,Fashion,Jeans,14625,4,58500,2/17/2023
632,25,Hyderabad,Sports,Cricket Bat,65882,1,65882,6/27/2024
633,297,Pune,Sports,Gym Gloves,67128,2,134256,12/9/2024
634,165,Hyderabad,Fashion,Shirt,51278,5,256390,9/12/2024
635,176,Delhi,Sports,Gym Gloves,33037,3,99111,2/12/2024
636,263,Delhi,Sports,Cricket Bat,18611,4,74444,9/8/2024
637,108,Hyderabad,Beauty,Face Wash,73059,2,146118,7/25/2023
638,278,Chennai,Home,Chair,17889,2,35778,5/30/2024
639,299,Hyderabad,Home,Mixer,46668,5,233340,5/6/2024
640,55,Mumbai,Sports,Tennis Racket,55863,1,55863,6/19/2024
641,137,Pune,Sports,Cricket Bat,7455,1,7455,7/24/2023
642,152,Pune,Home,Chair,19692,1,19692,12/8/2024
643,288,Pune,Beauty,Perfume,47513,4,190052,4/15/2023
644,148,Chennai,Beauty,Shampoo,31642,5,158210,12/13/2024
645,161,Hyderabad,Electronics,Tablet,51297,4,205188,12/2/2024
646,227,Pune,Electronics,Laptop,33443,2,66886,9/27/2024
647,91,Chennai,Home,Sofa,25862,3,77586,4/4/2024
648,194,Mumbai,Electronics,Mobile,23279,5,116395,5/3/2023
649,83,Hyderabad,Sports,Tennis Racket,73454,3,220362,5/14/2023
650,80,Mumbai,Home,Mixer,43827,4,175308,12/27/2024
651,155,Bangalore,Fashion,Jeans,78734,1,78734,10/2/2024
652,113,Pune,Beauty,Face Wash,10052,3,30156,6/22/2024
653,279,Hyderabad,Beauty,Perfume,66709,2,133418,3/1/2024
654,170,Delhi,Sports,Football,46296,2,92592,8/7/2023
655,244,Hyderabad,Home,Chair,29132,5,145660,6/27/2024
656,125,Mumbai,Electronics,Laptop,45851,4,183404,9/4/2023
657,277,Chennai,Home,Table,15360,4,61440,9/20/2023
658,261,Bangalore,Home,Mixer,68246,3,204738,6/10/2024
659,264,Mumbai,Sports,Football,39354,2,78708,11/25/2023
660,34,Pune,Electronics,Mobile,71013,5,355065,1/8/2023
661,223,Chennai,Fashion,Jacket,14121,2,28242,7/4/2024
662,20,Mumbai,Electronics,Mobile,3613,4,14452,12/6/2023
663,37,Hyderabad,Electronics,Laptop,23829,3,71487,7/25/2024
664,208,Bangalore,Fashion,Jeans,53929,4,215716,4/6/2024
665,4,Chennai,Home,Mixer,51552,1,51552,7/1/2024
666,38,Delhi,Beauty,Perfume,77256,1,77256,12/18/2024
667,45,Delhi,Beauty,Perfume,38489,3,115467,9/13/2024
668,81,Hyderabad,Sports,Gym Gloves,52288,1,52288,4/30/2024
669,74,Delhi,Fashion,Shoes,51748,5,258740,10/30/2023
670,64,Mumbai,Home,Mixer,73051,5,365255,5/25/2023
671,157,Pune,Electronics,Tablet,70905,5,354525,3/29/2023
672,83,Pune,Home,Sofa,54587,5,272935,5/26/2023
673,291,Mumbai,Fashion,Jeans,25970,1,25970,7/5/2023
674,35,Delhi,Beauty,Shampoo,72545,1,72545,10/25/2023
675,183,Pune,Electronics,Mobile,76599,4,306396,12/5/2023
676,100,Delhi,Fashion,Shirt,37873,5,189365,3/13/2023
677,157,Chennai,Sports,Gym Gloves,43536,5,217680,11/6/2024
678,162,Bangalore,Beauty,Lipstick,74628,5,373140,1/9/2024
679,224,Delhi,Fashion,Shirt,41553,2,83106,8/15/2023
680,229,Delhi,Home,Sofa,43958,4,175832,4/18/2024
681,42,Delhi,Home,Table,72808,1,72808,6/29/2023
682,10,Hyderabad,Fashion,Shoes,35002,1,35002,3/19/2023
683,283,Delhi,Electronics,Tablet,77837,2,155674,2/7/2023
684,115,Hyderabad,Beauty,Shampoo,19981,3,59943,2/6/2024
685,47,Bangalore,Home,Sofa,61409,5,307045,6/6/2024
686,85,Hyderabad,Home,Mixer,31810,5,159050,12/1/2024
687,290,Chennai,Fashion,Jacket,21369,2,42738,8/2/2024
688,250,Pune,Fashion,Jacket,47528,1,47528,8/13/2023
689,106,Hyderabad,Electronics,Headphones,48922,2,97844,2/13/2023
690,21,Chennai,Home,Table,62061,4,248244,2/17/2023
691,297,Hyderabad,Home,Mixer,68837,3,206511,9/27/2023
692,40,Hyderabad,Beauty,Lipstick,49869,4,199476,1/10/2024
693,181,Delhi,Home,Table,29715,5,148575,2/20/2024
694,72,Bangalore,Sports,Gym Gloves,79695,1,79695,5/28/2024
695,144,Pune,Fashion,Shoes,10604,5,53020,10/20/2024
696,61,Chennai,Fashion,Shoes,21125,3,63375,9/8/2024
697,246,Bangalore,Fashion,Jacket,43783,1,43783,5/8/2024
698,23,Pune,Fashion,Shoes,54357,1,54357,9/7/2023
699,294,Pune,Beauty,Lipstick,18158,5,90790,2/10/2023
700,208,Hyderabad,Electronics,Mobile,34350,2,68700,6/13/2024
701,230,Hyderabad,Beauty,Perfume,37652,1,37652,8/10/2023
702,74,Hyderabad,Sports,Gym Gloves,22856,2,45712,2/25/2024
703,36,Pune,Fashion,Jeans,22483,3,67449,4/9/2024
704,104,Hyderabad,Sports,Gym Gloves,17829,1,17829,1/17/2023
705,91,Bangalore,Beauty,Shampoo,20103,5,100515,4/9/2023
706,48,Bangalore,Beauty,Perfume,70155,5,350775,5/1/2023
707,190,Mumbai,Fashion,Shirt,57057,5,285285,3/6/2024
708,180,Hyderabad,Beauty,Shampoo,30579,4,122316,1/26/2024
709,245,Pune,Beauty,Perfume,56269,2,112538,9/18/2023
710,132,Pune,Electronics,Headphones,78919,5,394595,2/23/2024
711,267,Mumbai,Electronics,Laptop,76257,5,381285,5/1/2023
712,55,Pune,Sports,Cricket Bat,41905,4,167620,1/6/2024
713,290,Delhi,Sports,Tennis Racket,34749,5,173745,3/9/2024
714,283,Hyderabad,Beauty,Face Wash,52595,2,105190,2/28/2024
715,248,Delhi,Sports,Cricket Bat,49024,5,245120,7/22/2024
716,61,Chennai,Home,Chair,52683,2,105366,11/6/2024
717,261,Bangalore,Fashion,Jacket,21706,1,21706,8/8/2023
718,3,Mumbai,Home,Mixer,21568,4,86272,10/13/2024
719,33,Delhi,Fashion,Jacket,79175,4,316700,4/1/2023
720,197,Bangalore,Fashion,Jeans,10990,5,54950,2/8/2023
721,254,Bangalore,Beauty,Face Wash,78811,1,78811,6/29/2023
722,18,Hyderabad,Electronics,Mobile,68415,3,205245,7/19/2023
723,123,Chennai,Beauty,Lipstick,22714,1,22714,1/4/2024
724,181,Chennai,Electronics,Mobile,11882,3,35646,2/14/2024
725,8,Chennai,Sports,Gym Gloves,77318,2,154636,6/14/2024
726,299,Delhi,Electronics,Laptop,72536,3,217608,7/26/2024
727,233,Bangalore,Home,Chair,30161,5,150805,7/19/2023
728,260,Mumbai,Beauty,Perfume,34723,2,69446,2/21/2024
729,60,Hyderabad,Beauty,Perfume,66451,3,199353,12/15/2023
730,248,Pune,Home,Chair,58534,4,234136,7/30/2024
731,247,Mumbai,Home,Table,60887,5,304435,1/29/2023
732,118,Delhi,Home,Mixer,50657,2,101314,11/24/2024
733,135,Pune,Sports,Tennis Racket,68199,5,340995,1/10/2023
734,284,Pune,Home,Mixer,52788,3,158364,3/19/2023
735,138,Pune,Sports,Tennis Racket,46838,2,93676,8/10/2024
736,136,Pune,Fashion,Jacket,26670,2,53340,9/5/2023
737,80,Mumbai,Fashion,Shoes,33228,5,166140,12/31/2023
738,278,Mumbai,Electronics,Laptop,65074,5,325370,1/7/2023
739,141,Bangalore,Sports,Tennis Racket,41842,4,167368,8/11/2024
740,66,Mumbai,Fashion,Jeans,52650,2,105300,8/13/2024
741,258,Delhi,Beauty,Shampoo,63194,5,315970,2/3/2023
742,266,Bangalore,Sports,Cricket Bat,60425,1,60425,12/16/2024
743,298,Mumbai,Home,Mixer,2049,2,4098,1/24/2024
744,135,Pune,Home,Chair,34539,2,69078,7/15/2024
745,256,Bangalore,Home,Table,45470,3,136410,7/8/2023
746,144,Bangalore,Fashion,Jacket,49299,3,147897,2/15/2024
747,139,Pune,Fashion,Shoes,75983,2,151966,4/13/2023
748,77,Bangalore,Beauty,Shampoo,50423,2,100846,5/30/2023
749,265,Hyderabad,Electronics,Mobile,55749,4,222996,5/18/2023
750,291,Mumbai,Home,Table,39826,3,119478,7/29/2024
751,131,Bangalore,Sports,Football,21909,1,21909,8/9/2023
752,185,Hyderabad,Electronics,Tablet,44364,3,133092,1/5/2024
753,63,Delhi,Beauty,Face Wash,45607,1,45607,2/26/2024
754,276,Pune,Beauty,Lipstick,76109,5,380545,10/27/2024
755,229,Mumbai,Home,Chair,43110,5,215550,5/14/2024
756,173,Bangalore,Sports,Tennis Racket,61284,2,122568,6/21/2023
757,176,Pune,Beauty,Shampoo,9851,1,9851,6/15/2023
758,203,Delhi,Home,Chair,38688,3,116064,9/11/2024
759,212,Pune,Sports,Tennis Racket,77428,5,387140,4/6/2024
760,129,Chennai,Fashion,Shirt,16889,2,33778,11/8/2024
761,49,Mumbai,Electronics,Mobile,22377,4,89508,4/16/2023
762,43,Mumbai,Sports,Football,3955,4,15820,6/20/2024
763,118,Pune,Home,Sofa,11550,4,46200,11/13/2023
764,88,Mumbai,Home,Table,17069,2,34138,6/23/2024
765,277,Delhi,Electronics,Headphones,43124,4,172496,4/23/2024
766,234,Chennai,Beauty,Shampoo,18209,5,91045,7/1/2023
767,178,Bangalore,Beauty,Shampoo,69110,5,345550,11/14/2023
768,188,Bangalore,Beauty,Lipstick,12238,4,48952,11/12/2023
769,268,Pune,Home,Sofa,40289,1,40289,1/1/2023
770,252,Bangalore,Home,Chair,61998,5,309990,1/9/2023
771,119,Mumbai,Home,Mixer,56918,3,170754,9/3/2024
772,224,Bangalore,Beauty,Face Wash,25216,4,100864,7/28/2024
773,135,Mumbai,Fashion,Shoes,51581,4,206324,8/14/2023
774,140,Delhi,Sports,Cricket Bat,68213,5,341065,12/11/2024
775,94,Pune,Beauty,Face Wash,54620,2,109240,3/12/2023
776,140,Chennai,Home,Mixer,60182,5,300910,4/8/2024
777,78,Mumbai,Beauty,Shampoo,25113,3,75339,1/20/2023
778,138,Pune,Beauty,Perfume,24871,1,24871,10/16/2023
779,8,Bangalore,Sports,Football,31014,1,31014,6/4/2023
780,191,Bangalore,Fashion,Jeans,55582,3,166746,5/25/2024
781,137,Bangalore,Electronics,Headphones,11015,2,22030,2/27/2023
782,196,Mumbai,Electronics,Tablet,24303,2,48606,9/14/2023
783,18,Pune,Electronics,Mobile,50936,4,203744,9/11/2023
784,200,Chennai,Sports,Football,68806,2,137612,4/29/2024
785,267,Mumbai,Home,Chair,21289,1,21289,7/16/2024
786,27,Chennai,Home,Table,39666,2,79332,1/5/2024
787,8,Pune,Fashion,Shirt,31428,4,125712,11/29/2023
788,22,Hyderabad,Home,Mixer,52379,2,104758,1/10/2023
789,81,Bangalore,Sports,Cricket Bat,49179,1,49179,9/12/2023
790,79,Chennai,Electronics,Headphones,8371,1,8371,12/31/2023
791,163,Hyderabad,Beauty,Perfume,16992,4,67968,8/27/2023
792,194,Delhi,Home,Table,25792,1,25792,12/6/2024
793,225,Hyderabad,Fashion,Jeans,5675,4,22700,12/24/2024
794,279,Delhi,Home,Table,25374,5,126870,7/11/2023
795,83,Mumbai,Home,Table,36587,5,182935,7/21/2024
796,278,Delhi,Beauty,Lipstick,59401,3,178203,9/27/2023
797,10,Hyderabad,Sports,Football,66816,4,267264,7/9/2023
798,276,Bangalore,Home,Sofa,42534,1,42534,11/5/2024
799,145,Delhi,Fashion,Jacket,72781,2,145562,9/19/2024
800,35,Mumbai,Sports,Tennis Racket,14978,1,14978,6/19/2024
801,249,Pune,Fashion,Shoes,4599,2,9198,4/20/2023
802,251,Hyderabad,Electronics,Laptop,75343,4,301372,11/4/2024
803,37,Mumbai,Beauty,Face Wash,6933,3,20799,8/15/2023
804,32,Delhi,Fashion,Jacket,10980,4,43920,10/16/2024
805,137,Hyderabad,Beauty,Shampoo,48874,1,48874,9/23/2024
806,266,Mumbai,Electronics,Laptop,40333,1,40333,8/10/2023
807,99,Hyderabad,Electronics,Mobile,70185,4,280740,7/14/2023
808,55,Chennai,Fashion,Shoes,73693,5,368465,3/1/2024
809,86,Pune,Beauty,Face Wash,60625,4,242500,4/17/2023
810,81,Hyderabad,Beauty,Shampoo,66651,3,199953,11/4/2024
811,167,Delhi,Beauty,Shampoo,46679,3,140037,7/17/2024
812,289,Hyderabad,Sports,Gym Gloves,42895,5,214475,9/4/2023
813,232,Bangalore,Fashion,Jacket,72620,3,217860,1/4/2024
814,9,Hyderabad,Sports,Football,5043,3,15129,9/2/2024
815,110,Delhi,Fashion,Jeans,1360,3,4080,8/16/2023
816,293,Hyderabad,Electronics,Headphones,73069,5,365345,7/23/2024
817,80,Pune,Fashion,Shirt,5446,4,21784,12/31/2023
818,132,Delhi,Home,Chair,76804,2,153608,8/27/2023
819,167,Bangalore,Electronics,Tablet,75088,2,150176,3/21/2023
820,154,Mumbai,Fashion,Jacket,76027,1,76027,9/1/2024
821,179,Bangalore,Beauty,Shampoo,10786,1,10786,12/9/2023
822,196,Mumbai,Sports,Football,30216,5,151080,1/12/2023
823,77,Delhi,Home,Mixer,42353,5,211765,8/1/2024
824,202,Bangalore,Beauty,Lipstick,20579,1,20579,11/20/2024
825,202,Pune,Beauty,Perfume,29609,4,118436,10/24/2023
826,26,Hyderabad,Fashion,Jeans,11319,4,45276,8/8/2024
827,223,Chennai,Sports,Tennis Racket,11651,4,46604,5/28/2024
828,250,Bangalore,Fashion,Shoes,63535,5,317675,7/22/2023
829,127,Pune,Beauty,Lipstick,74053,5,370265,6/20/2024
830,295,Mumbai,Electronics,Headphones,56869,3,170607,12/2/2024
831,98,Delhi,Electronics,Tablet,56014,3,168042,12/23/2023
832,227,Hyderabad,Home,Mixer,40453,2,80906,12/25/2023
833,192,Pune,Fashion,Jacket,6382,2,12764,7/24/2023
834,76,Delhi,Electronics,Laptop,7648,2,15296,9/27/2024
835,242,Mumbai,Electronics,Headphones,15085,3,45255,4/5/2024
836,280,Hyderabad,Home,Sofa,71017,2,142034,7/28/2023
837,299,Chennai,Home,Table,19026,1,19026,1/21/2024
838,146,Pune,Beauty,Perfume,33983,2,67966,3/3/2023
839,5,Mumbai,Beauty,Face Wash,7457,4,29828,11/1/2024
840,150,Chennai,Sports,Tennis Racket,47714,1,47714,1/20/2023
841,51,Delhi,Sports,Cricket Bat,50399,5,251995,12/27/2024
842,235,Hyderabad,Sports,Football,24934,2,49868,5/27/2024
843,171,Bangalore,Electronics,Laptop,32926,5,164630,11/9/2023
844,181,Delhi,Sports,Cricket Bat,2908,3,8724,12/1/2024
845,132,Bangalore,Home,Sofa,66200,3,198600,3/5/2023
846,202,Chennai,Electronics,Headphones,30067,2,60134,12/16/2023
847,117,Bangalore,Fashion,Shirt,50596,5,252980,11/25/2024
848,169,Bangalore,Fashion,Shoes,56397,3,169191,9/11/2024
849,278,Chennai,Beauty,Lipstick,27600,2,55200,8/17/2024
850,221,Pune,Fashion,Shoes,41001,5,205005,5/19/2023
851,273,Chennai,Beauty,Lipstick,42114,1,42114,7/24/2024
852,164,Bangalore,Electronics,Mobile,42128,2,84256,1/31/2023
853,97,Mumbai,Sports,Tennis Racket,58565,3,175695,6/5/2023
854,137,Hyderabad,Fashion,Shoes,3933,5,19665,9/23/2024
855,14,Delhi,Beauty,Lipstick,78666,2,157332,8/25/2023
856,241,Chennai,Electronics,Tablet,18075,5,90375,9/11/2024
857,71,Pune,Home,Sofa,51285,4,205140,4/30/2024
858,139,Bangalore,Fashion,Shoes,4724,4,18896,1/16/2023
859,225,Hyderabad,Fashion,Shoes,27312,1,27312,7/1/2023
860,208,Mumbai,Sports,Tennis Racket,60471,2,120942,3/13/2024
861,293,Hyderabad,Beauty,Shampoo,41512,4,166048,9/18/2024
862,234,Mumbai,Beauty,Perfume,68742,1,68742,4/7/2024
863,265,Chennai,Fashion,Jacket,5644,5,28220,2/1/2024
864,156,Delhi,Electronics,Mobile,38665,4,154660,2/12/2024
865,28,Chennai,Sports,Cricket Bat,55872,3,167616,9/19/2024
866,257,Mumbai,Beauty,Lipstick,61262,4,245048,4/3/2023
867,231,Mumbai,Fashion,Shoes,52020,4,208080,11/28/2023
868,47,Delhi,Fashion,Jacket,77873,2,155746,4/10/2024
869,231,Chennai,Home,Sofa,16693,1,16693,4/27/2023
870,82,Bangalore,Home,Mixer,69157,4,276628,6/7/2024
871,290,Chennai,Beauty,Shampoo,6254,2,12508,12/10/2023
872,27,Bangalore,Fashion,Shoes,19453,2,38906,12/30/2024
873,93,Mumbai,Home,Chair,58991,3,176973,10/3/2024
874,7,Bangalore,Fashion,Shoes,963,5,4815,9/17/2023
875,253,Pune,Sports,Gym Gloves,71737,1,71737,9/14/2024
876,41,Hyderabad,Fashion,Jacket,59972,4,239888,3/28/2024
877,286,Pune,Beauty,Perfume,32575,5,162875,10/12/2023
878,179,Mumbai,Electronics,Mobile,19932,1,19932,10/30/2024
879,170,Mumbai,Fashion,Shirt,76271,5,381355,11/2/2023
880,146,Hyderabad,Electronics,Laptop,55151,2,110302,6/15/2023
881,19,Mumbai,Beauty,Lipstick,60182,5,300910,1/4/2024
882,219,Hyderabad,Home,Chair,48809,4,195236,3/11/2023
883,141,Delhi,Electronics,Headphones,62210,2,124420,5/5/2023
884,108,Hyderabad,Beauty,Shampoo,69266,2,138532,12/13/2024
885,248,Chennai,Electronics,Laptop,75390,5,376950,3/31/2023
886,133,Hyderabad,Beauty,Face Wash,56474,5,282370,11/21/2023
887,255,Hyderabad,Beauty,Face Wash,17501,5,87505,7/30/2024
888,149,Pune,Sports,Gym Gloves,24080,5,120400,8/27/2023
889,61,Chennai,Electronics,Laptop,3643,4,14572,10/2/2024
890,180,Hyderabad,Fashion,Jacket,54769,1,54769,12/8/2023
891,35,Delhi,Fashion,Shirt,26870,3,80610,9/18/2023
892,171,Delhi,Home,Chair,1303,1,1303,12/3/2024
893,174,Chennai,Sports,Football,23520,2,47040,12/5/2023
894,80,Chennai,Sports,Gym Gloves,5160,2,10320,5/8/2024
895,267,Delhi,Sports,Tennis Racket,61116,4,244464,2/27/2023
896,107,Hyderabad,Beauty,Face Wash,73268,5,366340,1/20/2023
897,16,Delhi,Home,Chair,9178,2,18356,10/15/2023
898,96,Hyderabad,Sports,Cricket Bat,75339,5,376695,2/3/2024
899,212,Mumbai,Electronics,Headphones,41722,1,41722,10/6/2023
900,111,Hyderabad,Sports,Cricket Bat,49204,4,196816,11/6/2023
901,104,Mumbai,Home,Sofa,15210,3,45630,2/8/2023
902,98,Delhi,Sports,Football,63763,5,318815,6/7/2023
903,265,Chennai,Sports,Tennis Racket,43404,2,86808,4/11/2023
904,268,Mumbai,Fashion,Shoes,5291,4,21164,2/1/2024
905,171,Bangalore,Electronics,Headphones,6271,5,31355,3/31/2023
906,296,Delhi,Electronics,Laptop,68733,3,206199,1/24/2023
907,142,Hyderabad,Fashion,Jeans,26787,2,53574,10/21/2023
908,81,Delhi,Home,Table,15920,3,47760,6/2/2023
909,106,Hyderabad,Electronics,Laptop,73851,5,369255,4/15/2023
910,146,Hyderabad,Home,Chair,36027,2,72054,12/22/2024
911,174,Hyderabad,Fashion,Shoes,9837,3,29511,9/19/2024
912,26,Mumbai,Sports,Football,17549,1,17549,4/27/2024
913,92,Chennai,Sports,Football,11787,4,47148,2/6/2024
914,102,Chennai,Beauty,Shampoo,47112,3,141336,12/7/2023
915,48,Chennai,Beauty,Perfume,61539,5,307695,5/15/2023
916,239,Bangalore,Sports,Football,60214,3,180642,12/1/2024
917,187,Bangalore,Fashion,Shoes,19337,5,96685,9/22/2023
918,16,Mumbai,Fashion,Jeans,43067,4,172268,5/14/2024
919,88,Delhi,Sports,Football,46564,4,186256,4/17/2024
920,55,Delhi,Home,Sofa,67077,1,67077,2/20/2024
921,206,Hyderabad,Beauty,Perfume,40099,5,200495,4/17/2024
922,247,Bangalore,Sports,Cricket Bat,32441,5,162205,6/12/2023
923,223,Hyderabad,Electronics,Headphones,27794,5,138970,3/17/2024
924,294,Bangalore,Home,Sofa,23186,1,23186,12/29/2024
925,228,Pune,Electronics,Tablet,43147,5,215735,4/10/2023
926,195,Delhi,Home,Table,9623,5,48115,4/22/2023
927,298,Chennai,Sports,Football,12366,2,24732,5/23/2023
928,150,Bangalore,Electronics,Mobile,20058,4,80232,6/28/2024
929,163,Delhi,Beauty,Shampoo,26146,2,52292,11/28/2024
930,299,Mumbai,Beauty,Face Wash,57480,3,172440,4/2/2023
931,190,Hyderabad,Beauty,Shampoo,17218,3,51654,3/5/2023
932,145,Mumbai,Electronics,Laptop,73904,3,221712,4/23/2023
933,163,Chennai,Fashion,Jacket,77853,4,311412,10/2/2024
934,109,Chennai,Sports,Gym Gloves,50512,4,202048,7/12/2024
935,197,Delhi,Fashion,Jacket,18728,2,37456,7/22/2024
936,6,Mumbai,Sports,Cricket Bat,38310,2,76620,5/18/2023
937,44,Pune,Electronics,Mobile,64292,4,257168,5/20/2023
938,93,Bangalore,Sports,Gym Gloves,79723,4,318892,9/30/2024
939,182,Pune,Beauty,Shampoo,72858,4,291432,1/29/2024
940,256,Chennai,Fashion,Jacket,79742,1,79742,8/14/2024
941,188,Mumbai,Fashion,Jeans,54349,5,271745,8/13/2024
942,247,Chennai,Electronics,Tablet,48810,1,48810,8/17/2024
943,265,Mumbai,Electronics,Mobile,69497,3,208491,4/21/2024
944,40,Chennai,Beauty,Perfume,32642,4,130568,10/7/2024
945,6,Bangalore,Beauty,Face Wash,7417,3,22251,7/1/2024
946,181,Delhi,Sports,Gym Gloves,75730,3,227190,3/7/2024
947,289,Delhi,Home,Sofa,5130,5,25650,11/8/2023
948,27,Chennai,Electronics,Tablet,76278,2,152556,8/9/2024
949,65,Hyderabad,Home,Mixer,38093,4,152372,3/26/2023
950,144,Delhi,Electronics,Headphones,33536,2,67072,9/22/2024
951,78,Chennai,Home,Mixer,15121,5,75605,6/28/2023
952,121,Bangalore,Sports,Tennis Racket,23489,3,70467,12/18/2024
953,79,Bangalore,Fashion,Shirt,45437,1,45437,5/29/2023
954,86,Pune,Sports,Gym Gloves,31688,4,126752,10/14/2024
955,27,Pune,Beauty,Face Wash,7620,3,22860,4/29/2023
956,273,Pune,Sports,Gym Gloves,62920,3,188760,5/2/2024
957,272,Bangalore,Sports,Gym Gloves,62705,3,188115,5/29/2023
958,162,Hyderabad,Electronics,Headphones,59327,4,237308,11/25/2024
959,140,Delhi,Electronics,Laptop,70137,3,210411,3/18/2024
960,300,Bangalore,Home,Chair,13381,3,40143,11/1/2024
961,173,Chennai,Sports,Cricket Bat,77665,2,155330,6/16/2024
962,5,Mumbai,Fashion,Jeans,72276,1,72276,11/19/2024
963,229,Delhi,Electronics,Tablet,13305,5,66525,4/17/2023
964,13,Hyderabad,Fashion,Jeans,33516,2,67032,2/4/2023
965,63,Chennai,Electronics,Laptop,78374,2,156748,9/5/2024
966,290,Pune,Electronics,Laptop,79757,2,159514,1/20/2024
967,39,Chennai,Electronics,Mobile,33705,3,101115,4/23/2024
968,83,Mumbai,Sports,Tennis Racket,56465,3,169395,9/21/2023
969,31,Delhi,Home,Mixer,50674,4,202696,12/7/2023
970,103,Hyderabad,Home,Sofa,58247,1,58247,5/18/2024
971,277,Bangalore,Sports,Cricket Bat,64994,1,64994,5/28/2023
972,18,Mumbai,Fashion,Shirt,58378,3,175134,4/16/2023
973,77,Chennai,Electronics,Headphones,58942,1,58942,5/24/2024
974,169,Bangalore,Electronics,Laptop,51681,3,155043,6/5/2023
975,224,Bangalore,Beauty,Perfume,68052,4,272208,5/4/2024
976,247,Mumbai,Electronics,Mobile,933,4,3732,12/6/2024
977,29,Chennai,Beauty,Face Wash,44204,3,132612,2/15/2024
978,236,Delhi,Electronics,Headphones,70574,3,211722,3/24/2023
979,98,Delhi,Fashion,Shoes,73176,1,73176,1/29/2024
980,225,Chennai,Sports,Football,47589,4,190356,3/28/2023
981,123,Bangalore,Fashion,Shoes,5179,2,10358,1/26/2023
982,274,Bangalore,Sports,Football,71351,3,214053,5/26/2024
983,22,Bangalore,Electronics,Laptop,44970,1,44970,12/12/2023
984,275,Pune,Electronics,Mobile,69066,4,276264,11/25/2024
985,251,Chennai,Beauty,Lipstick,9941,1,9941,5/25/2023
986,67,Mumbai,Electronics,Tablet,6503,2,13006,12/19/2024
987,88,Hyderabad,Fashion,Shirt,40783,1,40783,4/12/2024
988,113,Mumbai,Electronics,Laptop,15465,4,61860,9/1/2024
989,62,Chennai,Fashion,Jacket,44716,4,178864,11/29/2023
990,89,Delhi,Beauty,Lipstick,42651,2,85302,2/16/2023
991,87,Chennai,Electronics,Laptop,36399,2,72798,3/1/2024
992,21,Pune,Home,Sofa,57996,2,115992,8/18/2024
993,42,Mumbai,Electronics,Tablet,21177,1,21177,5/13/2024
994,214,Chennai,Electronics,Mobile,12183,5,60915,10/18/2023
995,139,Hyderabad,Sports,Cricket Bat,27521,2,55042,10/17/2024
996,20,Hyderabad,Sports,Gym Gloves,31859,2,63718,9/17/2024
997,215,Mumbai,Fashion,Jacket,12037,3,36111,12/23/2023
998,49,Hyderabad,Beauty,Lipstick,25653,1,25653,6/26/2024
999,28,Pune,Home,Sofa,61345,2,122690,10/11/2023
1000,82,Chennai,Electronics,Mobile,62682,4,250728,6/30/2023
